City_ID,City,Lat,Lng,Max Temp,Humidity,Cloudiness,Wind Speed,Country,Date
0,zayed city,24.3768,54.589,34.08,46,0,3.6,AE,1727727368
1,iqaluit,63.7506,-68.5145,7.85,65,75,3.6,CA,1727727369
2,lapeer,43.0514,-83.3188,23.84,60,28,4.52,US,1727727371
3,badger,64.8,-147.5333,7.77,59,20,0.89,US,1727727372
4,blackmans bay,-43.0167,147.3167,12.63,59,31,1.34,AU,1727727374
5,olonkinbyen,70.9221,-8.7187,-1.25,64,100,7.93,SJ,1727727375
6,cabedelo,-6.9811,-34.8339,26.37,72,57,7.58,BR,1727727317
7,port elizabeth,-33.918,25.5701,10.16,87,75,9.77,ZA,1727727378
8,saint-philippe,-21.3585,55.7679,21.89,80,37,5.62,RE,1727727381
9,waitangi,-43.9535,-176.5597,9.34,78,100,1.79,NZ,1727727382
10,cumana,10.4635,-64.1775,28.76,72,100,2.55,VE,1727727384
11,maintirano,-18.0667,44.0167,24.93,78,0,1.55,MG,1727727385
12,ribeira grande,38.5167,-28.7,24.32,94,40,6.69,PT,1727727386
13,vallenar,-28.5708,-70.7581,19.77,29,21,3.62,CL,1727727388
14,talnakh,69.4865,88.3972,4.24,96,100,2.39,RU,1727727389
15,labasa,-16.4167,179.3833,25.26,80,67,2.86,FJ,1727727391
16,bethel,41.3712,-73.414,22.43,65,0,5.14,US,1727727392
17,toliara,-23.35,43.6667,23.93,87,74,1.74,MG,1727727395
18,puerto natales,-51.7236,-72.4875,5.25,60,75,12.35,CL,1727727396
19,mayna,54.1135,47.6231,12.52,35,63,1.78,RU,1727727398
20,port-aux-francais,-49.35,70.2167,2.68,97,100,20.62,TF,1727727399
21,longyearbyen,78.2186,15.6401,-1.09,93,75,4.12,SJ,1727727401
22,reggane,26.7158,0.1714,36.1,16,6,4.11,DZ,1727727402
23,ilulissat,69.2167,-51.1,4.01,93,100,3.6,GL,1727727403
24,vavuniya,8.7514,80.4971,23.93,92,99,1.29,LK,1727727405
25,grytviken,-54.2811,-36.5092,-1.1,74,18,7.84,GS,1727727204
26,lebu,-37.6167,-73.65,12.14,77,100,3.24,CL,1727727409
27,atafu village,-8.5421,-172.5159,27.67,77,74,3.91,TK,1727727229
28,bel ombre,-4.6167,55.4167,26.91,78,40,5.66,SC,1727727412
29,stony plain,53.5334,-114.0021,12.08,39,0,9.77,CA,1727727413
30,neiafu,-18.65,-173.9833,25.38,78,75,5.66,TO,1727727415
31,adamstown,-25.066,-130.1015,19.25,68,92,3.08,PN,1727727416
32,choibalsan,48.0667,114.5,-1.78,52,19,3.99,MN,1727727418
33,ad dawadimi,24.5077,44.3924,29.64,15,2,7.45,SA,1727727419
34,jalasjarvi,62.5,22.75,4.49,76,17,3.52,FI,1727727421
35,konarka,19.9,86.1167,28.02,84,80,3.57,IN,1727727422
36,saipan,15.1355,145.701,27.39,83,40,2.57,MP,1727727423
37,dabou,5.3256,-4.3769,24.4,91,94,3.61,CI,1727727425
38,praia da vitoria,38.7333,-27.0667,25.14,83,40,5.71,PT,1727727426
39,ushuaia,-54.8,-68.3,-1.48,92,100,2.92,AR,1727727214
40,west island,-12.1568,96.8225,24.99,94,75,5.66,CC,1727727429
41,nyurba,63.2842,118.3319,1.75,99,100,1.88,RU,1727727431
42,cho dok,10.7,105.1167,26.55,87,99,3.69,VN,1727727432
43,calama,-22.4667,-68.9333,23.27,9,0,7.72,CL,1727727314
44,buka,40.8108,69.1986,13.25,58,87,0.72,UZ,1727727435
45,jizzax,40.1158,67.8422,14.88,59,4,1.18,UZ,1727727436
46,sao jose dos campos,-23.1794,-45.8869,33.27,22,0,1.03,BR,1727727240
47,tiksi,71.6872,128.8694,-6.13,93,100,1.55,RU,1727727439
48,minas,-34.3759,-55.2377,20.98,97,100,3.54,UY,1727727374
49,burutu,5.3509,5.5076,25.69,86,100,3.13,NG,1727727442
50,thompson,55.7435,-97.8558,10.09,100,100,1.54,CA,1727727443
51,susuman,62.7833,148.1667,-4.42,71,11,1.13,RU,1727727445
52,fort st. john,56.2499,-120.8529,10.94,37,75,7.72,CA,1727727446
53,sao joao del rei,-21.1356,-44.2617,27.9,24,0,3.31,BR,1727727448
54,ancud,-41.8697,-73.8203,8.03,54,59,5.74,CL,1727727449
55,sao joao da barra,-21.6403,-41.0511,25.05,83,6,5.75,BR,1727727451
56,kavaratti,10.5669,72.642,28.79,75,99,6.77,IN,1727727452
57,weno,7.4515,151.8468,27.97,89,75,4.12,FM,1727727453
58,champerico,14.3,-91.9167,27.37,80,100,3.74,GT,1727727455
59,kingston,17.997,-76.7936,31.76,70,20,3.09,JM,1727727336
60,margaret river,-33.95,115.0667,10.06,93,100,2.67,AU,1727727458
61,freetown,8.484,-13.2299,26.0,84,99,2.72,SL,1727727459
62,malango,-2.9627,119.9001,18.92,93,100,1.02,ID,1727727461
63,ust-nera,64.5667,143.2,-4.74,83,92,1.32,RU,1727727462
64,alderetes,-26.8167,-65.1333,39.97,14,38,3.11,AR,1727727194
65,tazovsky,67.4667,78.7,4.67,70,100,7.87,RU,1727727465
66,utrik,11.2278,169.8474,27.34,79,98,3.78,MH,1727727466
67,guelmim,28.987,-10.0574,21.19,83,20,3.09,MA,1727727468
68,kodiak,57.79,-152.4072,8.73,87,100,12.86,US,1727727469
69,yellowknife,62.456,-114.3525,5.23,86,75,8.23,CA,1727727471
70,hawaiian paradise park,19.5933,-154.9731,28.26,73,100,1.54,US,1727727472
71,dabat,12.9842,37.765,12.11,85,54,1.72,ET,1727727473
72,coquimbo,-29.9533,-71.3436,16.1,57,75,3.6,CL,1727726937
73,mahajanga,-15.7167,46.3167,26.01,83,0,2.06,MG,1727727476
74,kiunga,-6.1219,141.2906,21.42,97,100,1.31,PG,1727727478
75,queenstown,-31.8976,26.8753,5.2,66,43,5.76,ZA,1727727320
76,laguna,38.421,-121.4238,31.77,27,0,0.45,US,1727727481
77,djambala,-2.5447,14.7533,24.3,72,100,1.72,CG,1727727482
78,iskateley,67.6803,53.1512,4.2,76,48,10.68,RU,1727727484
79,college,64.8569,-147.8028,9.54,61,20,0.0,US,1727727485
80,aasiaat,68.7098,-52.8699,2.45,89,100,2.0,GL,1727727486
81,albany,42.6001,-73.9662,24.4,68,100,1.12,US,1727727375
82,papatowai,-46.5619,169.4708,10.6,63,100,1.71,NZ,1727727489
83,jaicos,-7.3592,-41.1378,32.86,32,70,3.55,BR,1727727491
84,carnarvon,-24.8667,113.6333,19.12,74,0,6.21,AU,1727727492
85,avarua,-21.2078,-159.775,24.03,69,100,3.09,CK,1727727493
86,illapel,-31.6308,-71.1653,17.39,50,79,5.18,CL,1727727371
87,lydenburg,-25.0978,30.4597,11.69,33,0,0.89,ZA,1727727496
88,ebon,4.582,168.6964,28.66,72,94,6.12,MH,1727727498
89,san patricio,28.017,-97.5169,32.97,30,0,2.47,US,1727727499
90,mazamari,-11.3258,-74.5308,30.88,48,83,1.09,PE,1727727501
91,nantucket,41.2835,-70.0995,19.06,59,0,4.12,US,1727727502
92,roma,43.2128,-75.4557,23.53,62,0,2.57,US,1727727241
93,sigayevo,56.4216,53.7757,12.11,48,64,3.26,RU,1727727505
94,la sarre,48.8002,-79.1996,17.92,51,0,3.38,CA,1727727506
95,edinburgh of the seven seas,-37.0676,-12.3116,13.23,86,10,6.66,SH,1727727508
96,wailua homesteads,22.0669,-159.378,26.44,82,75,4.12,US,1727727509
97,esquina,-30.0144,-59.5272,40.31,20,0,5.62,AR,1727727511
98,klyuchi,52.2667,79.1667,12.87,49,24,3.21,RU,1727727512
99,arraial do cabo,-22.9661,-42.0278,23.98,78,0,11.83,BR,1727727514
100,bilibino,68.0546,166.4372,-2.77,96,100,1.16,RU,1727727368
101,tsiombe,-25.3,45.4833,23.75,73,96,1.81,MG,1727727516
102,sibu,2.3,111.8167,24.17,100,40,1.03,MY,1727727519
103,jamestown,42.097,-79.2353,21.68,77,100,2.57,US,1727727427
104,bubaque,11.2833,-15.8333,27.69,76,65,3.78,GW,1727727522
105,petropavlovsk-kamchatsky,53.0452,158.6483,7.33,61,75,2.0,RU,1727727523
106,invercargill,-46.4,168.35,10.01,83,100,1.79,NZ,1727727525
107,coahuayana de hidalgo,18.7,-103.6583,28.79,79,83,2.22,MX,1727727526
108,punta arenas,-53.15,-70.9167,4.06,87,100,11.32,CL,1727727230
109,pangkalanbuun,-2.6833,111.6167,23.33,99,100,0.54,ID,1727727529
110,bucerias,20.75,-105.3333,29.99,74,75,3.09,MX,1727727511
111,palmares do sul,-30.2578,-50.5097,25.06,65,58,4.85,BR,1727727532
112,okhotsk,59.3833,143.3,4.36,47,100,0.75,RU,1727727533
113,margate,51.3813,1.3862,13.82,81,84,0.45,GB,1727727257
114,port alfred,-33.5906,26.891,10.1,79,48,4.02,ZA,1727727536
115,san jose del guaviare,2.5729,-72.6459,32.18,48,97,1.19,CO,1727727484
116,okotoks,50.7289,-113.9828,13.01,48,12,2.88,CA,1727727323
117,lingig,8.0389,126.4125,23.82,90,85,1.36,PH,1727727542
118,kirakira,-10.4544,161.9205,26.41,78,6,2.18,SB,1727727543
119,puntarenas,9.9763,-84.8384,27.02,80,100,1.69,CR,1727727545
120,chonchi,-42.6128,-73.8092,10.07,54,86,2.52,CL,1727727546
121,tolanaro,-25.0319,46.9987,23.04,83,0,8.23,MG,1727727548
122,kapa'a,22.0752,-159.319,27.18,79,75,4.12,US,1727727549
123,okha,53.5739,142.9478,4.27,93,100,5.09,RU,1727727550
124,lihue,21.9789,-159.3672,26.77,80,75,4.12,US,1727727553
125,valdivia,-39.8142,-73.2459,12.05,64,100,2.78,CL,1727727296
126,mildura,-34.2,142.15,6.71,84,4,3.2,AU,1727727556
127,raduzhny,62.0961,77.475,9.46,76,100,5.22,RU,1727727558
128,cockburn town,21.4612,-71.1419,29.16,71,7,4.46,TC,1727727559
129,tshikapa,-6.4167,20.8,26.43,56,62,1.3,CD,1727727561
130,leava,-14.3,-178.1667,26.31,85,85,8.47,WF,1727727562
131,gulbene,57.1777,26.7529,5.45,68,100,2.23,LV,1727727564
132,sisimiut,66.9395,-53.6735,4.65,85,100,0.44,GL,1727727565
133,qaqortoq,60.7167,-46.0333,3.68,98,100,2.06,GL,1727727566
134,lata,40.1629,-8.3327,15.39,94,77,1.01,PT,1727727568
135,sao felix do xingu,-6.6447,-51.995,28.63,60,70,1.82,BR,1727727569
136,kuala lipis,4.1842,102.0468,22.44,100,100,0.27,MY,1727727571
137,colonia,50.9333,6.95,15.49,85,0,4.63,DE,1727727374
138,korla,41.7597,86.1469,13.28,51,55,1.2,CN,1727727574
139,isafjordur,66.0755,-23.124,0.7,81,100,5.77,IS,1727727575
140,sun city west,33.662,-112.3413,40.64,17,0,2.06,US,1727727577
141,tindouf,27.6711,-8.1474,32.25,20,0,1.03,DZ,1727727578
142,st. john's,47.5649,-52.7093,14.04,92,100,3.58,CA,1727727573
143,pacific grove,36.6177,-121.9166,23.57,80,0,3.58,US,1727727581
144,malangas,7.6303,123.0317,25.09,90,100,1.39,PH,1727727582
145,kalabo,-14.97,22.6814,26.5,27,63,1.89,ZM,1727727584
146,lecheng,25.1238,113.3254,21.52,90,58,4.64,CN,1727727585
147,sola,-13.8833,167.55,26.54,76,15,1.86,VU,1727727586
148,lethbridge,49.7,-112.8186,13.27,35,20,2.57,CA,1727727588
149,gadzhiyevo,69.2551,33.3362,2.23,75,8,8.75,RU,1727727589
150,saint-francois,46.4154,3.9054,15.92,70,75,1.03,FR,1727727591
151,rondonopolis,-16.4708,-54.6356,39.2,17,100,2.75,BR,1727727592
152,lompoc,34.6391,-120.4579,25.29,61,3,4.12,US,1727727594
153,bentiu,9.2333,29.8333,22.81,90,95,1.35,SS,1727727595
154,puerto ayora,-0.7393,-90.3518,21.42,91,94,3.58,EC,1727727596
155,anadyr,64.75,177.4833,7.28,93,75,8.0,RU,1727727598
156,gao,16.6362,1.637,36.63,24,79,0.16,ML,1727727599
157,kununurra,-15.7667,128.7333,18.99,94,0,0.51,AU,1727727601
158,chui,-33.6971,-53.4616,23.31,78,100,4.19,UY,1727727602
159,makoua,0.0069,15.6333,23.06,93,32,0.94,CG,1727727604
160,deyang,31.1302,104.382,16.58,92,39,1.3,CN,1727727605
161,manggar,-2.8833,108.2667,26.5,82,100,2.94,ID,1727727606
162,turbat,26.0023,63.044,28.14,66,5,4.49,PK,1727727390
163,nova sintra,14.8667,-24.7167,26.99,85,4,4.3,CV,1727727609
164,minas de marcona,-15.2119,-75.1103,17.29,67,80,6.63,PE,1727727433
165,morteros,-30.7116,-61.9986,42.47,15,6,6.8,AR,1727727612
166,howard springs,-12.497,131.047,25.46,76,57,2.31,AU,1727727614
167,jaipur,26.9167,75.8167,27.62,78,40,2.06,IN,1727727615
168,general pinedo,-27.3167,-61.2833,42.53,15,0,10.5,AR,1727727617
169,sao jose da coroa grande,-8.8978,-35.1478,24.19,77,86,5.11,BR,1727727618
170,daru,-9.0763,143.2092,24.99,75,37,6.22,PG,1727727619
171,keflavik,64.0049,-22.5624,3.24,81,75,1.03,IS,1727727621
172,parabel',58.6978,81.4825,12.48,85,100,5.02,RU,1727727622
173,emod,47.9333,20.8167,9.17,65,5,3.27,HU,1727727624
174,olyokminsk,60.3736,120.4264,3.0,97,100,5.08,RU,1727727625
175,nizhnesortymskiy,62.4397,71.7603,8.82,83,92,4.84,RU,1727727513
176,mannarakkat,10.9833,76.4667,24.68,89,69,0.97,IN,1727727628
177,georgetown,5.4112,100.3354,25.97,84,20,2.06,MY,1727727455
178,cooper's town,26.8667,-77.5167,28.73,69,50,3.24,BS,1727727631
179,sungai penuh,-2.0833,101.3833,18.52,94,95,1.59,ID,1727727579
180,yanchep,-31.55,115.6833,11.5,72,10,2.74,AU,1727727635
181,san luis de la loma,17.2706,-100.8939,28.32,77,41,2.02,MX,1727727636
182,northam,51.0333,-4.2167,13.12,92,39,6.78,GB,1727727638
183,yarmouth,41.7057,-70.2286,19.51,75,20,3.13,US,1727727639
184,salekhard,66.53,66.6019,4.43,71,49,9.4,RU,1727727641
185,sterling,39.0062,-77.4286,19.01,85,100,3.09,US,1727727642
186,valparaiso,-33.0393,-71.6273,17.22,63,20,7.72,CL,1727727453
187,cidreira,-30.1811,-50.2056,21.81,77,64,5.24,BR,1727727645
188,podgornoye,51.735,39.1496,18.12,32,20,4.0,RU,1727727646
189,al ghayzah,16.2079,52.176,26.58,78,79,4.55,YE,1727727648
190,piton saint-leu,-21.2196,55.3151,20.06,68,0,1.54,RE,1727727649
191,narrabri,-30.3167,149.7833,10.85,90,0,1.79,AU,1727727651
192,bredasdorp,-34.5322,20.0403,8.7,72,33,3.61,ZA,1727727652
193,birao,10.2849,22.7882,22.59,86,100,2.37,CF,1727727654
194,enumclaw,47.2043,-121.9915,18.34,54,38,1.34,US,1727727655
195,albacete,38.8333,-2.0,18.45,55,0,2.57,ES,1727727656
196,lubin,51.4009,16.2015,8.46,62,4,3.65,PL,1727727407
197,mitu,1.1983,-70.1733,30.81,55,98,0.55,CO,1727727659
198,makaha,21.4694,-158.2175,28.95,83,100,3.09,US,1727727661
199,constantia,44.1833,28.65,9.38,90,100,13.67,RO,1727727662
200,dudinka,69.4058,86.1778,3.54,97,100,2.72,RU,1727727664
201,zhalantun,48.0,122.7167,2.46,55,1,2.75,CN,1727727665
202,sulak,43.2734,47.5146,19.15,67,0,12.01,RU,1727727666
203,paros,37.0833,25.15,21.84,63,0,2.57,GR,1727727668
204,timbuktu,16.7735,-3.0074,37.61,23,1,1.69,ML,1727727669
205,khandyga,62.6667,135.6,-0.59,91,99,1.06,RU,1727727671
206,djibo,14.1022,-1.6306,34.31,37,1,1.03,BF,1727727672
207,chilca,-12.5211,-76.7372,17.08,86,100,4.89,PE,1727727674
208,new norfolk,-42.7826,147.0587,13.29,74,70,5.04,AU,1727727675
209,warud,21.4667,78.2667,23.93,90,50,1.3,IN,1727727678
210,bodaybo,57.8506,114.1933,2.26,95,100,2.45,RU,1727727644
211,san isidro de curuguaty,-24.5167,-55.7,41.23,13,6,5.27,PY,1727727681
212,vila franca do campo,37.7167,-25.4333,24.23,94,48,4.74,PT,1727727682
213,camana,-16.6228,-72.7111,17.04,88,99,3.53,PE,1727727685
214,xinyuan,37.3,99.0,-1.29,23,5,2.26,CN,1727727686
215,ust'-barguzin,53.45,108.9833,4.38,81,100,4.17,RU,1727727688
216,tortoli,39.9256,9.6572,21.1,86,0,2.57,IT,1727727689
217,bahia blanca,-38.7196,-62.2724,22.12,26,55,2.24,AR,1727727623
218,lower hutt,-41.2167,174.9167,13.95,82,75,7.2,NZ,1727727692
219,nako,31.8814,78.627,13.14,66,50,0.79,IN,1727727693
220,chinde,26.8212,87.7095,23.37,89,15,1.49,NP,1727727695
221,sanya,18.2431,109.505,27.09,89,0,1.0,CN,1727727696
222,vilyuchinsk,52.9306,158.4028,8.15,77,100,2.86,RU,1727727698
223,stanley,54.868,-1.6985,10.71,95,75,3.6,GB,1727727699
224,aykhal,66.0,111.5,1.54,100,100,1.29,RU,1727727701
225,corcoran,36.098,-119.5604,31.16,17,0,2.24,US,1727727702
226,taunggyi,20.7833,97.0333,19.21,99,100,1.57,MM,1727727703
227,tofol,5.3248,163.0078,29.61,71,95,8.12,FM,1727727705
228,la passe,45.5549,-0.8967,16.84,81,100,2.81,FR,1727727706
229,adh dhayd,25.2881,55.8816,29.06,63,0,3.58,AE,1727727708
230,lamu,-2.2717,40.902,24.52,88,97,3.9,KE,1727727527
231,ubari,26.5921,12.7805,28.63,33,0,2.76,LY,1727727711
232,namsos,64.4662,11.4957,9.95,66,0,7.2,NO,1727727712
233,jiuquan,39.7432,98.5174,7.02,23,0,1.59,CN,1727727713
234,woodward,36.4337,-99.3904,35.54,18,0,4.12,US,1727727715
235,zapolyarnyy,69.4154,30.8136,0.77,75,13,5.88,RU,1727727716
236,yelizovo,53.1873,158.3805,8.08,61,75,2.0,RU,1727727718
237,saudarkrokur,65.7461,-19.6394,0.78,80,100,4.14,IS,1727727719
238,happy valley-goose bay,53.3168,-60.3315,14.17,47,20,0.0,CA,1727727720
239,sabha,27.0377,14.4283,27.88,36,0,5.74,LY,1727727722
240,anshun,26.25,105.9333,11.21,89,100,8.95,CN,1727727723
241,pangai,-19.8,-174.35,25.06,65,75,7.2,TO,1727727725
242,nelson bay,-32.7167,152.15,13.33,89,3,3.13,AU,1727727726
243,sitka,57.0531,-135.33,11.94,54,100,9.77,US,1727727729
244,new berlin,42.9764,-88.1084,26.59,61,40,4.12,US,1727727730
245,saint-hyacinthe,45.6168,-72.9491,23.34,63,0,3.11,CA,1727727732
246,fale old settlement,-9.3852,-171.2468,27.74,76,20,3.73,TK,1727727733
247,alta,69.9689,23.2717,4.59,74,0,25.93,NO,1727727735
248,hamilton,39.1834,-84.5333,24.95,83,75,2.06,US,1727727489
249,lorengau,-2.0226,147.2712,27.87,80,35,4.92,PG,1727727738
250,neftegorsk,52.802,51.166,14.47,34,6,2.76,RU,1727727739
251,inhambane,-23.865,35.3833,22.69,86,73,5.44,MZ,1727727740
252,kerikeri,-35.2268,173.9474,15.51,91,100,2.24,NZ,1727727742
253,kagal,16.5833,74.3167,23.64,88,94,2.03,IN,1727727743
254,madimba,-10.4,40.3333,23.63,87,4,2.14,TZ,1727727745
255,amga,60.8953,131.9608,0.29,99,100,2.84,RU,1727727746
256,mao,39.8885,4.2658,19.31,77,0,2.57,ES,1727727748
257,road town,18.4167,-64.6167,31.02,70,40,2.57,VG,1727727695
258,qarauyl,48.9451,79.255,8.2,29,7,1.89,KZ,1727727751
259,laurens,32.4502,-82.9165,31.27,54,48,5.39,US,1727727752
260,gariaband,20.635,82.0614,23.83,96,95,1.55,IN,1727727753
261,kolyshley,52.7005,44.5367,14.16,29,5,3.8,RU,1727727755
262,ivolginsk,51.7492,107.2837,-5.19,93,100,1.0,RU,1727727756
263,katsuura,35.1333,140.3,22.73,96,100,7.27,JP,1727727758
264,severo-yeniseyskiy,60.3725,93.0408,6.6,97,100,4.69,RU,1727727759
265,pass christian,30.3158,-89.2475,31.03,55,75,4.12,US,1727727493
266,thunder bay,48.4001,-89.3168,22.95,56,40,7.2,CA,1727727762
267,chirilagua,13.2203,-88.1386,25.04,96,93,1.1,SV,1727727763
268,enewetak,11.3474,162.3373,29.1,74,79,7.12,MH,1727727766
269,iquique,-20.2208,-70.1431,17.89,75,100,4.8,CL,1727727238
270,nar'yan-mar,67.6713,53.087,4.21,76,42,10.69,RU,1727727769
271,tieling,42.2931,123.8414,6.44,92,17,0.7,CN,1727727771
272,fort-shevchenko,44.5086,50.263,19.02,36,0,6.96,KZ,1727727772
273,port mathurin,-19.6833,63.4167,22.35,80,0,9.39,MU,1727727773
274,mutare,-18.9707,32.6709,23.07,26,12,0.97,ZW,1727727775
275,fisterra,42.9049,-9.2629,17.65,97,100,5.92,ES,1727727776
276,greymouth,-42.4667,171.2,8.78,85,97,2.18,NZ,1727727778
277,jasper,37.2001,-94.3502,30.05,51,75,3.09,US,1727727290
278,charters towers,-20.1,146.2667,17.23,91,5,1.62,AU,1727727781
279,touros,-5.1989,-35.4608,25.32,73,27,8.11,BR,1727727755
280,weihai,37.5017,122.1136,14.76,76,100,10.85,CN,1727727783
281,ridgecrest,35.6225,-117.6709,36.92,6,20,2.24,US,1727727786
282,haiku-pauwela,20.9219,-156.3051,28.45,65,100,10.73,US,1727727788
283,ascension,30.2169,-90.9001,31.7,57,0,2.06,US,1727727789
284,mabaruma,8.2,-59.7833,30.14,61,100,2.64,GY,1727727790
285,salalah,17.0151,54.0924,27.05,78,75,3.6,OM,1727727792
286,hermanus,-34.4187,19.2345,8.78,61,73,3.15,ZA,1727727507
287,mangrol,21.1167,70.1167,27.0,87,4,4.93,IN,1727727795
288,codrington,-38.2667,141.9667,11.04,92,57,5.05,AU,1727727796
289,ierapetra,35.01,25.7353,21.38,62,0,4.13,GR,1727727800
290,kapuskasing,49.4169,-82.4331,20.05,42,20,7.2,CA,1727727802
291,bahia de kino,28.8333,-111.9333,32.09,64,0,5.88,MX,1727727803
292,bandarbeyla,9.4942,50.8122,24.87,90,61,5.99,SO,1727727805
293,brainerd,46.358,-94.2008,26.01,38,75,7.72,US,1727727806
294,kharp,66.8014,65.8081,3.91,76,33,11.26,RU,1727727808
295,pisco,-13.7,-76.2167,19.03,77,0,4.12,PE,1727727809
296,mount isa,-20.7333,139.5,22.87,31,0,4.63,AU,1727727810
297,sao gabriel da cachoeira,-0.1303,-67.0892,30.89,70,20,2.06,BR,1727727812
298,tocopilla,-22.092,-70.1979,20.1,60,45,3.85,CL,1727727813
299,uturoa,-16.7333,-151.4333,26.61,77,9,5.48,PF,1727727815
300,mutoko,-17.397,32.2268,20.67,24,1,0.51,ZW,1727727816
301,aswan,24.0934,32.907,30.61,28,0,2.06,EG,1727727818
302,mata-utu,-13.2816,-176.1745,26.82,80,84,3.93,WF,1727727819
303,walvis bay,-22.9575,14.5053,13.01,67,0,6.01,NA,1727727820
304,saint-paul,-21.0096,55.2707,23.05,90,7,2.68,RE,1727727823
305,ambalavao,-21.8333,46.9333,16.02,93,12,1.97,MG,1727727825
306,bitlis,38.5,42.25,13.19,45,0,2.86,TR,1727727826
307,suntar,62.1444,117.6319,3.21,97,100,4.47,RU,1727727828
308,sabang,5.8933,95.3214,28.16,77,84,4.97,ID,1727727829
309,east london,-33.0153,27.9116,12.64,56,33,10.21,ZA,1727727832
310,uryupinsk,50.8047,42.0138,13.67,27,0,5.31,RU,1727727833
311,puerto baquerizo moreno,-0.9,-89.6,22.55,78,100,6.69,EC,1727727836
312,tatarsk,55.219,75.9828,10.93,64,100,3.78,RU,1727727837
313,mejit,10.2753,170.8646,26.6,80,92,2.18,MH,1727727839
314,hadibu,12.65,54.0333,26.04,81,21,4.03,YE,1727727840
315,eyl,7.9803,49.8164,25.18,86,15,5.38,SO,1727727842
316,cobija,-11.0267,-68.7692,34.1,46,75,7.2,BO,1727727843
317,vila velha,-20.3297,-40.2925,23.97,90,40,3.6,BR,1727727844
318,east end,34.5507,-92.341,30.38,61,90,0.89,US,1727727846
319,taoudenni,22.6783,-3.9836,37.89,13,8,4.55,ML,1727727847
320,sovetskaya gavan',48.9723,140.2878,12.74,70,100,5.18,RU,1727727768
321,peterborough,52.5736,-0.2478,14.37,94,100,8.75,GB,1727727850
322,al mayadin,35.0209,40.4535,28.75,17,0,4.32,SY,1727727852
323,harnosand,62.6323,17.9379,6.0,84,95,7.01,SE,1727727853
324,manokwari,-0.8667,134.0833,25.54,75,67,1.83,ID,1727727854
325,lazaro cardenas,17.9583,-102.2,28.93,73,29,2.61,MX,1727727856
326,tralee,52.2704,-9.7026,9.96,93,33,2.23,IE,1727727857
327,dadukou,26.5479,101.7054,19.13,89,100,1.41,CN,1727727859
328,sakaiminato,35.55,133.2333,20.99,100,20,2.57,JP,1727727862
329,ghadamis,30.1337,9.5007,29.18,34,0,4.51,LY,1727727863
330,xining,36.6167,101.7667,2.55,88,96,1.55,CN,1727727864
331,gazojak,41.1875,61.4036,17.44,18,58,2.17,TM,1727727866
332,ust'-kut,56.7938,105.7672,4.08,97,100,4.31,RU,1727727867
333,la ronge,55.1001,-105.2842,11.14,50,75,10.29,CA,1727727869
334,guiyang,26.5833,106.7167,13.27,94,100,4.0,CN,1727727870
335,timimoun,29.2639,0.231,34.21,24,0,4.12,DZ,1727727872
336,usogorsk,63.4106,48.6872,4.52,80,7,4.11,RU,1727727873
337,prince rupert,54.3161,-130.3201,8.83,81,100,18.01,CA,1727727874
338,dryden,49.7833,-92.7503,21.16,60,100,6.17,CA,1727727614
339,whitehorse,60.7161,-135.0538,5.61,69,40,1.03,CA,1727727877
340,zouerate,22.7187,-12.4521,33.48,22,100,4.88,MR,1727727879
341,kuqa,41.7278,82.9364,13.15,42,6,2.48,CN,1727727613
342,alotau,-10.3069,150.4462,23.78,98,64,1.43,PG,1727727882
343,borisovka,50.6236,35.9903,18.23,28,0,7.32,RU,1727727883
344,khairagarh,26.95,77.8167,27.44,68,0,3.14,IN,1727727884
345,bocana de paiwas,12.7857,-85.1227,27.75,82,91,2.11,NI,1727727886
346,riohacha,11.5444,-72.9072,30.06,70,20,3.09,CO,1727727887
347,port blair,11.6667,92.75,28.02,83,40,1.03,IN,1727727889
348,puttalam,8.0362,79.8283,27.55,80,42,4.16,LK,1727727890
349,bainbridge,47.6262,-122.5212,18.77,55,20,3.09,US,1727727892
350,usinsk,65.9939,57.5281,3.69,82,57,9.58,RU,1727727893
351,rawson,-43.3002,-65.1023,7.16,65,75,4.63,AR,1727727807
352,kristiansund,63.1115,7.732,11.36,66,75,2.57,NO,1727727896
353,dubbo,-32.25,148.6167,8.07,81,40,4.63,AU,1727727898
354,parapat,2.663,98.9349,19.82,92,99,0.16,ID,1727727899
355,nuuk,64.1835,-51.7216,2.34,100,100,7.72,GL,1727727901
356,fada,7.25,4.0667,23.13,99,100,2.11,NG,1727727902
357,sechura,-5.5569,-80.8222,24.94,59,29,6.95,PE,1727727904
358,talakan,50.3167,130.3667,1.06,87,93,1.15,RU,1727727905
359,enid,36.3956,-97.8784,33.82,24,0,3.09,US,1727727907
360,grand falls-windsor,48.9332,-55.6649,13.06,92,100,0.45,CA,1727727909
361,nova vicosa,-17.8919,-39.3719,25.09,73,13,4.1,BR,1727727910
362,baidoa,3.1138,43.6498,24.69,65,97,6.47,SO,1727727912
363,morant bay,17.8815,-76.4093,29.14,73,96,2.38,JM,1727727913
364,baise city,23.8997,106.6133,22.05,95,100,1.71,CN,1727727914
365,nago,26.5881,127.9761,26.5,89,86,3.78,JP,1727727916
366,chilliwack,49.1747,-121.9443,15.86,61,84,1.54,CA,1727727618
367,geraldton,-28.7667,114.6,8.23,87,0,3.6,AU,1727727919
368,tulun,54.5611,100.5792,4.71,72,100,3.6,RU,1727727920
369,salym,60.0625,71.4789,9.75,72,22,3.73,RU,1727727922
370,kropotkin,45.4375,40.5756,17.74,42,0,8.05,RU,1727727923
371,holualoa,19.6228,-155.9522,26.57,75,20,3.6,US,1727727723
372,tegueste,28.5167,-16.3167,20.37,84,75,8.75,ES,1727727926
373,mareeba,-17.0,145.4333,16.25,82,40,0.98,AU,1727727927
374,borzya,50.3833,116.5167,0.41,45,100,5.86,RU,1727727929
375,al bardiyah,31.7561,25.0865,22.65,62,0,6.97,LY,1727727930
376,berdigestyakh,62.0989,126.6992,0.73,99,100,0.86,RU,1727727932
377,flying fish cove,-10.4217,105.6791,25.82,88,100,5.14,CX,1727727933
378,yuzhno-kurilsk,44.0306,145.8556,16.76,98,100,3.81,RU,1727727934
379,taulaga,-11.0553,-171.0883,27.57,77,61,2.9,AS,1727727936
380,tamanrasset,22.785,5.5228,25.95,34,40,1.54,DZ,1727727937
381,vilyuysk,63.7553,121.6247,-0.88,95,100,3.2,RU,1727727939
382,rongelap,11.1635,166.8941,28.26,76,100,4.89,MH,1727727940
383,praia,14.9215,-23.5087,27.3,78,20,4.12,CV,1727727942
384,chernyshevskiy,63.0128,112.4714,3.11,97,100,4.48,RU,1727727943
385,nogliki,51.8333,143.1667,6.83,89,100,5.57,RU,1727727944
386,mahdia,35.5047,11.0622,22.76,54,0,2.1,TN,1727727946
387,dawukou,39.0419,106.3958,7.16,29,0,4.46,CN,1727727947
388,vershino-darasunskiy,52.35,115.5167,-2.71,64,94,2.39,RU,1727727949
389,mutuali,-14.8706,37.0044,24.7,29,3,0.71,MZ,1727727950
390,mukalla,14.5425,49.1242,26.46,80,82,4.51,YE,1727727952
391,santo antonio do ica,-3.1022,-67.9397,34.71,38,59,0.85,BR,1727727953
392,tura,25.5198,90.2201,23.96,96,96,1.04,IN,1727727954
393,greenville,35.6127,-77.3663,28.01,84,10,3.09,US,1727727385
394,kantemirovka,49.7089,39.8592,18.44,27,0,8.04,RU,1727727957
395,kourou,5.1552,-52.6478,28.56,69,5,4.37,GF,1727727959
396,afaahiti,-17.75,-149.2833,24.94,82,23,7.08,PF,1727727960
397,baruun-urt,46.6806,113.2792,-0.27,69,69,3.43,MN,1727727962
398,alice springs,-23.7,133.8833,10.75,54,1,0.0,AU,1727727963
399,port lincoln,-34.7333,135.8667,11.68,90,0,2.26,AU,1727727965
400,halifax,44.6453,-63.5724,20.68,62,0,8.23,CA,1727727849
401,axim,4.8699,-2.2405,24.8,89,18,3.62,GH,1727727967
402,fortaleza,-3.7227,-38.5247,28.07,69,0,6.69,BR,1727727842
403,altay,47.8667,88.1167,3.25,38,5,1.2,CN,1727727970
404,nemuro,43.3236,145.575,16.94,98,100,5.6,JP,1727727973
405,kirensk,57.7853,108.1119,3.73,98,100,5.09,RU,1727727974
406,ezine,39.7856,26.3408,14.2,66,0,2.17,TR,1727727977
407,mil'kovo,55.6078,37.7956,9.79,60,97,6.52,RU,1727727978
408,noosa heads,-26.3833,153.15,19.82,76,59,8.38,AU,1727727980
409,madera,37.1666,-119.8343,36.7,24,0,2.58,US,1727727981
410,lebork,54.5392,17.7501,9.49,46,97,3.96,PL,1727727983
411,gorno-altaysk,51.9561,85.955,8.76,77,100,3.21,RU,1727727984
412,port moresby,-9.4431,147.1797,23.68,94,100,1.03,PG,1727727986
413,papao,-17.75,-149.55,28.82,77,1,7.01,PF,1727727987
414,forbes,-33.3833,148.0167,6.25,87,0,1.15,AU,1727727989
415,hung yen,20.65,106.0667,25.51,94,97,1.76,VN,1727727990
416,turpan,42.9333,89.1667,14.95,19,0,1.31,CN,1727727991
417,harstad,68.799,16.5293,7.31,98,100,12.07,NO,1727727993
418,novodvinsk,64.4165,40.8122,4.86,80,25,3.81,RU,1727727994
419,opuwo,-18.0607,13.84,19.76,21,83,2.08,NA,1727727996
420,guerrero negro,27.9769,-114.0611,23.57,62,100,4.15,MX,1727727997
421,tosontsengel,48.7567,98.2839,0.17,53,100,3.72,MN,1727727999
422,meridian,43.6121,-116.3915,19.73,26,0,6.17,US,1727728000
423,amos,48.5669,-78.1162,18.29,50,2,2.61,CA,1727728001
424,olinda,-8.0089,-34.8553,26.85,65,40,6.17,BR,1727728003
425,ballina,-28.8667,153.5667,17.18,81,87,6.12,AU,1727728004
426,castillos,-34.1667,-53.8333,24.98,73,100,2.53,UY,1727728006
427,qamdo,31.1667,97.2333,6.16,52,77,0.95,CN,1727728008
428,kholmsk,47.0511,142.0569,16.63,85,100,7.27,RU,1727728010
429,magadan,59.5667,150.8,1.77,61,100,3.01,RU,1727728011
430,wenchang,30.904,118.4887,18.37,92,100,5.25,CN,1727728013
431,tidjikja,18.5564,-11.4271,34.56,21,100,3.32,MR,1727728014
432,hammerfest,70.6634,23.6821,3.25,65,0,2.57,NO,1727728016
433,port augusta,-32.5,137.7667,10.85,80,0,3.79,AU,1727728017
434,twon-brass,4.3151,6.2418,26.19,85,41,4.8,NG,1727728018
435,arevalo,41.0626,-4.7204,19.37,37,3,2.3,ES,1727728020
436,zhangzhou,24.5133,117.6556,24.54,85,69,1.65,CN,1727728021
437,wenji,8.45,39.2833,20.03,61,99,1.81,ET,1727728023
438,novouzensk,50.4592,48.1431,15.36,32,2,4.36,RU,1727728025
439,duki,30.1541,68.5728,26.63,33,0,2.78,PK,1727728027
440,tumut,-35.3,148.2167,6.32,88,0,0.71,AU,1727728028
441,fort bragg,35.139,-79.006,29.91,78,75,3.09,US,1727728030
442,barcelos,41.5388,-8.6151,16.99,97,100,0.57,PT,1727728031
443,kaiapoi,-43.3783,172.6401,13.59,82,84,4.12,NZ,1727728033
444,celestun,20.8667,-90.4,30.23,67,14,5.88,MX,1727728034
445,ust-tsilma,65.441,52.1498,4.53,82,38,4.56,RU,1727728035
446,banda aceh,5.5577,95.3222,26.27,85,79,2.39,ID,1727728038
447,cole harbour,44.6724,-63.4751,20.4,63,0,8.23,CA,1727728039
448,pingzhuang,42.0372,119.2889,5.62,50,4,0.72,CN,1727728041
449,ambasa,23.9172,91.8472,24.2,99,99,1.27,IN,1727728042
450,vadso,70.0744,29.7487,5.09,60,20,10.29,NO,1727728044
451,forster,-32.1667,152.5167,11.88,100,14,3.26,AU,1727728045
452,makurazaki,31.2667,130.3167,20.79,95,1,2.96,JP,1727728047
453,al jawf,29.5,38.75,24.85,26,0,3.75,SA,1727728048
454,alta sierra,35.7291,-118.5495,27.66,20,0,4.89,US,1727728049
455,anaconda,46.1285,-112.9423,12.95,14,87,2.72,US,1727728051
456,kavieng,-2.5744,150.7967,28.04,78,32,5.17,PG,1727728052
457,berezovo,63.9381,65.0419,5.96,71,1,5.33,RU,1727728054
458,linhares,-19.3911,-40.0722,26.19,59,7,4.39,BR,1727728055
459,kijang,35.2442,129.2139,17.85,82,8,2.41,KR,1727728057
460,plettenberg bay,-34.0527,23.3716,10.57,78,59,6.99,ZA,1727728058
461,anyksciai,55.5256,25.1026,7.75,55,100,4.62,LT,1727728060
462,teknaf,20.8624,92.3058,27.06,90,93,2.6,BD,1727728061
463,mendoza,-32.8908,-68.8272,28.74,8,20,7.72,AR,1727727914
464,kill devil hills,36.0307,-75.676,23.32,87,100,3.6,US,1727728064
465,virginia beach,36.8529,-75.978,23.92,85,100,4.63,US,1727727879
466,guajara mirim,-10.7828,-65.3394,32.05,45,97,2.56,BR,1727728067
467,hirara,24.8,125.2833,28.92,94,100,6.17,JP,1727728068
468,tabuk,17.4189,121.4443,22.35,88,100,1.53,PH,1727728070
469,zhuanghe,39.7008,122.9911,9.57,81,99,3.96,CN,1727728071
470,yorkton,51.2167,-102.4677,12.91,38,75,18.52,CA,1727728073
471,askoy,60.4092,5.226,9.31,87,0,0.0,NO,1727728074
472,kaa-khem,51.6833,94.7333,4.23,41,100,1.6,RU,1727728076
473,santana,-0.0583,-51.1817,33.1,55,20,6.69,BR,1727728077
474,novoorsk,51.381,58.9813,13.67,28,3,3.68,RU,1727728078
475,galliano,29.4422,-90.2992,30.0,54,40,0.0,US,1727728080
476,volchikha,52.0333,80.3833,10.06,41,20,3.0,RU,1727728081
477,kalemie,-5.9475,29.1947,25.72,65,90,1.38,CD,1727728083
478,horta,38.5333,-28.6333,23.9,94,40,6.69,PT,1727728084
479,malagon,39.2139,-4.0005,20.39,28,0,0.83,ES,1727728086
480,pont rouge,48.8833,-72.0825,17.78,57,54,1.86,CA,1727728087
481,newman,37.3138,-121.0208,30.59,13,0,2.74,US,1727728089
482,westport,41.1415,-73.3579,22.75,71,0,5.14,US,1727728058
483,remire-montjoly,4.9167,-52.2667,31.02,62,0,6.17,GF,1727728091
484,crane,31.3974,-102.3501,31.29,17,0,2.14,US,1727728093
485,ulsteinvik,62.3432,5.8487,12.09,85,100,5.21,NO,1727728094
486,mhasvad,17.6333,74.7833,28.0,69,100,2.25,IN,1727728096
487,palikir - national government center,6.9248,158.1611,25.41,94,75,0.0,FM,1727728097
488,cumnock,55.4544,-4.2664,11.33,95,100,3.48,GB,1727728040
489,mwanga,-4.8,38.2,22.94,82,100,0.32,TZ,1727728100
490,karukh,34.4811,62.5863,16.18,36,2,0.76,AF,1727728101
491,port antonio,18.18,-76.4612,29.85,69,82,5.2,JM,1727728103
492,laojunmiao,39.8333,97.7333,3.63,25,0,0.87,CN,1727728104
493,gatton,-27.55,152.2833,16.79,86,2,0.2,AU,1727728106
494,chernihiv,51.0,32.0,14.82,45,100,5.73,UA,1727728107
495,juquitiba,-23.9317,-47.0683,24.33,68,1,2.44,BR,1727728109
496,waingapu,-9.6567,120.2641,25.91,83,57,1.25,ID,1727728110
497,feijo,-8.1642,-70.3536,32.1,52,100,1.42,BR,1727728112
498,bathsheba,13.2167,-59.5167,30.34,74,40,2.57,BB,1727728113
499,hinton,53.4001,-117.5857,9.22,44,67,4.49,CA,1727728114
500,ipameri,-17.7219,-48.1597,32.56,23,90,3.94,BR,1727728116
501,yigo village,13.5361,144.8886,27.16,84,20,4.63,GU,1727728117
502,nishinoomote,30.7333,131.0,25.9,76,0,2.18,JP,1727728119
503,viedma,-40.8135,-62.9967,11.39,66,99,8.61,AR,1727728121
504,palangkaraya,-2.2,113.8333,23.2,84,100,0.35,ID,1727728122
505,mbanza-ngungu,-5.25,14.8667,24.96,63,81,1.69,CD,1727728123
506,yanam,16.7333,82.2167,24.58,95,100,1.33,IN,1727728126
507,sao joao batista,-27.2761,-48.8494,22.94,84,0,2.4,BR,1727727939
508,lautoka,-17.6167,177.4667,25.92,65,20,1.54,FJ,1727728129
509,tornio,65.8481,24.1466,9.01,72,100,9.14,FI,1727728130
510,buala,-8.145,159.5921,26.97,82,15,2.43,SB,1727728132
511,wundanyi,-3.4019,38.364,16.86,81,70,2.09,KE,1727728133
512,zag,46.9441,99.165,0.83,47,100,1.77,MN,1727728135
513,lodeynoye pole,60.726,33.5531,3.09,82,3,0.38,RU,1727728136
514,pomichna,48.2422,31.4158,14.9,48,12,4.04,UA,1727728138
515,bodo,67.28,14.405,10.02,71,75,10.29,NO,1727728139
516,callao,-12.0667,-77.15,19.16,68,20,7.72,PE,1727727549
517,comala,19.3167,-103.75,26.76,83,100,0.0,MX,1727728142
518,ambodifotatra,-16.9833,49.85,24.28,75,18,5.9,MG,1727728143
519,mount pearl,47.5166,-52.7813,13.58,90,100,3.09,CA,1727728145
520,vorgashor,67.5833,63.95,3.55,74,99,12.88,RU,1727728146
521,luderitz,-26.6481,15.1594,13.47,54,0,11.08,NA,1727728148
522,tommot,58.9564,126.2925,1.65,96,100,4.87,RU,1727728149
523,hastings,50.8552,0.5729,13.86,35,62,11.99,GB,1727727913
524,gereida,11.2811,25.1414,27.31,63,100,2.43,SD,1727728152
525,copala,16.65,-98.9833,27.97,75,76,2.98,MX,1727728154
526,guiglo,6.5456,-7.4966,22.44,98,43,1.0,CI,1727728155
527,tomatlan,19.9333,-105.25,28.18,85,100,3.01,MX,1727728156
528,oltu,40.5498,42.0013,16.42,54,64,1.54,TR,1727728158
529,ceeldheer,3.8488,47.1806,25.39,83,98,4.76,SO,1727728159
530,kashgar,39.4547,75.9797,13.56,47,75,2.0,CN,1727728161
531,lahij,13.1667,44.5833,29.09,63,100,2.65,YE,1727728162
532,mattoon,39.4831,-88.3728,23.74,73,100,1.54,US,1727728164
533,saint-georges,12.0564,-61.7485,30.82,74,20,6.69,GD,1727728165
534,fulshear,29.69,-95.8997,34.99,43,0,0.89,US,1727728167
535,howrah,22.5892,88.3103,31.0,84,40,2.57,IN,1727728168
536,joshimath,30.5667,79.5667,14.88,72,0,1.7,IN,1727728169
537,phongsali,21.6833,102.1058,18.93,100,100,0.64,LA,1727728171
538,big stone gap,36.8677,-82.7745,21.41,89,89,0.21,US,1727728172
539,pontianak,-0.0333,109.3333,23.99,100,100,0.0,ID,1727728174
540,nuku'alofa,-21.1333,-175.2,24.19,83,75,4.12,TO,1727728176
541,jabor,5.921,169.6434,28.11,78,100,7.33,MH,1727728178
542,ola,59.5833,151.2833,1.83,61,99,3.52,RU,1727728179
543,tselinnoye,53.0833,85.6667,10.44,39,100,5.28,RU,1727728181
544,sunland,38.8928,-101.8216,31.19,16,2,10.29,US,1727728182
545,port saint john's,-31.6229,29.5448,14.21,72,25,7.03,ZA,1727728184
546,xiongzhou,25.1167,114.3,24.39,83,7,1.16,CN,1727728185
547,wewak,-3.5534,143.6268,25.35,88,97,2.46,PG,1727728187
548,waspan,14.7419,-83.9717,31.02,61,100,2.16,NI,1727728188
549,bardai,11.65,7.2333,25.08,70,37,3.33,NG,1727728189
550,abu jibeha,11.4562,31.2285,22.01,90,27,2.14,SD,1727728191
551,hovd,48.0056,91.6419,3.99,31,100,0.17,MN,1727728192
552,grande prairie,55.1667,-118.8027,12.1,32,75,9.26,CA,1727728194
553,fortuna,40.5982,-124.1573,22.18,57,0,3.6,US,1727728195
554,bandundu,-3.3167,17.3667,25.43,76,15,1.7,CD,1727728197
555,bac ninh,21.1833,106.05,27.05,90,100,1.78,VN,1727728198
556,labytnangi,66.6572,66.4183,4.36,72,29,10.3,RU,1727728200
557,tazacorte,28.629,-17.9293,21.54,91,20,6.69,ES,1727728201
558,udachny,66.4167,112.4,0.45,99,100,1.41,RU,1727728142
559,akureyri,65.6835,-18.0878,0.96,80,20,1.03,IS,1727728204
560,polyarnyy,69.1989,33.4478,2.24,73,5,8.65,RU,1727728206
561,piti village,13.4626,144.6933,28.03,88,20,4.63,GU,1727728207
